id,digit,prop1,prop2
1,6,0.288135593220339,0.8888888888888888
2,6,0.288135593220339,0.4444444444444444
3,6,0.11864406779661017,0.4444444444444444
4,6,0.4745762711864407,1
5,6,0.3389830508474576,0.8888888888888888
6,6,0.5084745762711864,0.8888888888888888
7,6,0.22033898305084745,0.7777777777777778
8,6,0.3050847457627119,1
9,6,0.3050847457627119,0.7777777777777778
10,6,0.1864406779661017,0.7777777777777778
11,6,0.4406779661016949,1
12,6,0.3389830508474576,0.3333333333333333
13,6,0.3898305084745763,0.6666666666666666
14,6,0.4406779661016949,1
15,6,0.3728813559322034,1
16,6,0.15254237288135594,0.6666666666666666
17,6,0.2711864406779661,1
18,6,0.288135593220339,1
19,6,0.4406779661016949,0.4444444444444444
20,6,0.2542372881355932,1
21,6,0.3728813559322034,0.6666666666666666
22,6,0.3220338983050847,0.7777777777777778
23,6,0.2711864406779661,0.5555555555555556
24,6,0.15254237288135594,0.3333333333333333
25,6,0.288135593220339,0.2222222222222222
26,6,0.1694915254237288,0.8888888888888888
27,6,0.3728813559322034,0.4444444444444444
28,6,0.559322033898305,1
29,6,0.3220338983050847,0.7777777777777778
30,6,0.23728813559322035,1
31,6,0.15254237288135594,0.7777777777777778
32,6,0.1694915254237288,0.5555555555555556
33,6,0.1864406779661017,1
34,6,0.1694915254237288,0.7777777777777778
35,6,0.15254237288135594,1
36,6,0.1864406779661017,1
37,6,0.1694915254237288,0.8888888888888888
38,6,0.2033898305084746,1
39,6,0.3050847457627119,0.5555555555555556
40,6,0.23728813559322035,0.8888888888888888
41,6,0.288135593220339,0.8888888888888888
42,6,0.23728813559322035,1
43,6,0.5084745762711864,0.4444444444444444
44,6,0.5084745762711864,0.4444444444444444
45,6,0.1694915254237288,1
46,6,0.3050847457627119,0.6666666666666666
47,6,0.2711864406779661,0.2222222222222222
48,6,0.15254237288135594,0.5555555555555556
49,6,0.3559322033898305,0.8888888888888888
50,6,0.3898305084745763,1
51,6,0.423728813559322,1
52,6,0.1694915254237288,0.3333333333333333
53,6,0.3389830508474576,0.8888888888888888
54,6,0.2033898305084746,1
55,6,0.3559322033898305,1
56,6,0.423728813559322,1
57,6,0.288135593220339,0.6666666666666666
58,6,0.288135593220339,0.8888888888888888
59,6,0.3220338983050847,0.4444444444444444
60,6,0.3050847457627119,0.5555555555555556
61,6,0.4067796610169492,0.7777777777777778
62,6,0.423728813559322,0.8888888888888888
63,6,0.23728813559322035,0.8888888888888888
64,6,0.23728813559322035,0.8888888888888888
65,6,0.23728813559322035,1
66,6,0.1694915254237288,1
67,6,0.3728813559322034,0.8888888888888888
68,6,0.3050847457627119,1
69,6,0.23728813559322035,1
70,6,0.15254237288135594,0.3333333333333333
71,6,0.1694915254237288,0.2222222222222222
72,6,0.2033898305084746,1
73,6,0.288135593220339,0.7777777777777778
74,6,0.423728813559322,0.5555555555555556
75,6,0.4576271186440678,0.7777777777777778
76,6,0.2711864406779661,1
77,6,0.3728813559322034,1
78,6,0.2711864406779661,1
79,6,0.4915254237288136,0.2222222222222222
80,6,0.2711864406779661,1
81,6,0.3050847457627119,1
82,6,0.288135593220339,0.7777777777777778
83,6,0.1694915254237288,1
84,6,0.4067796610169492,0
85,6,0.15254237288135594,0.7777777777777778
86,6,0.22033898305084745,0.5555555555555556
87,6,0.3559322033898305,0.6666666666666666
88,6,0.1694915254237288,0.7777777777777778
89,6,0.4745762711864407,0.7777777777777778
90,6,0.2033898305084746,0.7777777777777778
91,6,0.1864406779661017,0.7777777777777778
92,6,0.3220338983050847,0.3333333333333333
93,6,0.3389830508474576,1
94,6,0.2542372881355932,0.6666666666666666
95,6,0.3898305084745763,0.6666666666666666
96,6,0.22033898305084745,0.6666666666666666
97,6,0.4406779661016949,0.7777777777777778
98,6,0.3220338983050847,0.6666666666666666
99,6,0.3220338983050847,0.7777777777777778
100,6,0.3559322033898305,1
101,6,0.2711864406779661,0.7777777777777778
102,6,0.2033898305084746,0.2222222222222222
103,6,0.576271186440678,1
104,6,0.2542372881355932,0.7777777777777778
105,6,0.3050847457627119,0.5555555555555556
106,6,0.22033898305084745,0.6666666666666666
107,6,0.2542372881355932,0.5555555555555556
108,6,0.3898305084745763,0.6666666666666666
109,6,0.23728813559322035,1
110,6,0.15254237288135594,0.2222222222222222
111,6,0.23728813559322035,0.6666666666666666
112,6,0.3389830508474576,0.7777777777777778
113,6,0.11864406779661017,0.6666666666666666
114,6,0.288135593220339,0.5555555555555556
115,6,0.22033898305084745,0.7777777777777778
116,6,0.423728813559322,0.8888888888888888
117,6,0.6271186440677966,0.8888888888888888
118,6,0.6779661016949152,1
119,6,0.3389830508474576,0.8888888888888888
120,6,0.288135593220339,1
121,6,0.3559322033898305,1
122,6,0.3559322033898305,1
123,6,0.3389830508474576,1
124,6,0.3220338983050847,1
125,6,0.3898305084745763,1
126,6,0.4067796610169492,1
127,6,0.23728813559322035,1
128,6,0.2711864406779661,0.2222222222222222
129,6,0.5254237288135594,1
130,6,0.4406779661016949,1
131,6,0.4745762711864407,0.8888888888888888
132,6,0.5084745762711864,0.4444444444444444
133,6,0.2033898305084746,0.8888888888888888
134,6,0.3050847457627119,0.6666666666666666
135,6,0.2542372881355932,0.2222222222222222
136,6,0.1694915254237288,0.6666666666666666
137,6,0.23728813559322035,0.8888888888888888
138,6,0.4576271186440678,0.4444444444444444
139,6,0.3220338983050847,0.4444444444444444
140,6,0.15254237288135594,0.8888888888888888
141,6,0.3220338983050847,0.4444444444444444
142,6,0.2542372881355932,1
143,6,0.3389830508474576,0.4444444444444444
144,6,0.3220338983050847,1
145,6,0.1694915254237288,0.6666666666666666
146,6,0.3220338983050847,0.7777777777777778
147,6,0.4406779661016949,0.5555555555555556
148,6,0.4576271186440678,0.4444444444444444
149,6,0.23728813559322035,0.6666666666666666
150,6,0.22033898305084745,0.8888888888888888
151,6,0.15254237288135594,0.6666666666666666
152,6,0.22033898305084745,0.2222222222222222
153,6,0.2033898305084746,0.7777777777777778
154,6,0.4067796610169492,0.5555555555555556
155,6,0.22033898305084745,0.7777777777777778
156,6,0.22033898305084745,0.7777777777777778
157,6,0.4067796610169492,0.5555555555555556
158,6,0.1864406779661017,1
159,6,0.13559322033898305,1
160,6,0.2711864406779661,0.6666666666666666
161,6,0.23728813559322035,0.3333333333333333
162,6,0.2711864406779661,0.8888888888888888
163,6,0.22033898305084745,0.7777777777777778
164,6,0.2711864406779661,0.8888888888888888
165,6,0.23728813559322035,0.7777777777777778
166,6,0.423728813559322,0.4444444444444444
167,6,0.2033898305084746,0.8888888888888888
168,6,0.4067796610169492,0.8888888888888888
169,6,0.288135593220339,0.7777777777777778
170,6,0.1694915254237288,0.8888888888888888
171,6,0.576271186440678,0.4444444444444444
172,6,0.1694915254237288,0.8888888888888888
173,6,0.1694915254237288,0.8888888888888888
174,6,0.3220338983050847,0.4444444444444444
175,6,0.576271186440678,0.6666666666666666
176,6,0.3050847457627119,1
177,6,0.1864406779661017,0.7777777777777778
178,6,0.2542372881355932,0.2222222222222222
179,6,0.3220338983050847,0.3333333333333333
180,6,0.2033898305084746,0.5555555555555556
181,6,0.1694915254237288,0.5555555555555556
182,6,0.288135593220339,0.8888888888888888
183,6,0.15254237288135594,0.8888888888888888
184,6,0.4745762711864407,1
185,6,0.3220338983050847,0.2222222222222222
186,6,0.3389830508474576,1
187,6,0.2033898305084746,0.5555555555555556
188,6,0.3389830508474576,0.4444444444444444
189,6,0.3559322033898305,0.5555555555555556
190,6,0.3050847457627119,0.5555555555555556
191,6,0.2542372881355932,0.2222222222222222
192,6,0.4406779661016949,1
193,6,0.4406779661016949,0.4444444444444444
194,6,0.423728813559322,0.8888888888888888
195,6,0.288135593220339,1
196,6,0.288135593220339,1
197,6,0.4067796610169492,0.2222222222222222
198,6,0.288135593220339,1
199,6,0.4406779661016949,0.7777777777777778
200,6,0.23728813559322035,0.8888888888888888
201,6,0.576271186440678,1
202,6,0.288135593220339,0.7777777777777778
203,6,0.423728813559322,1
204,6,0.3050847457627119,0.8888888888888888
205,6,0.4745762711864407,0.8888888888888888
206,6,0.3050847457627119,1
207,6,0.4745762711864407,1
208,6,0.4067796610169492,0.5555555555555556
209,6,0.288135593220339,0.7777777777777778
210,6,0.4576271186440678,0.8888888888888888
211,6,0.288135593220339,0.6666666666666666
212,6,0.288135593220339,0.2222222222222222
213,6,0.22033898305084745,0.6666666666666666
214,6,0.2711864406779661,0.7777777777777778
215,6,0.4745762711864407,0.6666666666666666
216,6,0.288135593220339,1
217,6,0.3389830508474576,0.6666666666666666
218,6,0.3728813559322034,0.4444444444444444
219,6,0.2033898305084746,0.7777777777777778
220,6,0.3220338983050847,0.8888888888888888
221,6,0.23728813559322035,0.5555555555555556
222,6,0.23728813559322035,0.4444444444444444
223,6,0.3728813559322034,0.5555555555555556
224,6,0.3728813559322034,0.6666666666666666
225,6,0.22033898305084745,0.8888888888888888
226,6,0.1694915254237288,0.6666666666666666
227,6,0.3389830508474576,0.2222222222222222
228,6,0.4067796610169492,0.7777777777777778
229,6,0.3050847457627119,0.4444444444444444
230,6,0.23728813559322035,0.5555555555555556
231,6,0.2033898305084746,0.6666666666666666
232,6,0.288135593220339,0.8888888888888888
233,6,0.288135593220339,0.7777777777777778
234,6,0.2711864406779661,1
235,6,0.3389830508474576,0.7777777777777778
236,6,0.3050847457627119,0.7777777777777778
237,6,0.4915254237288136,0.6666666666666666
238,6,0.3728813559322034,0.4444444444444444
239,6,0.2711864406779661,1
240,6,0.2711864406779661,0.8888888888888888
241,6,0.3220338983050847,0.5555555555555556
242,6,0.2033898305084746,1
243,6,0.2033898305084746,0.8888888888888888
244,6,0.23728813559322035,0.7777777777777778
245,6,0.2711864406779661,1
246,6,0.288135593220339,1
247,6,0.3220338983050847,0.7777777777777778
248,6,0.23728813559322035,0.8888888888888888
249,6,0.2033898305084746,1
250,6,0.5423728813559322,0.6666666666666666
251,6,0.2711864406779661,1
252,6,0.22033898305084745,0.4444444444444444
253,6,0.3220338983050847,0.4444444444444444
254,6,0.15254237288135594,0.2222222222222222
255,6,0.2542372881355932,0.8888888888888888
256,6,0.15254237288135594,0.8888888888888888
257,6,0.1864406779661017,0.8888888888888888
258,6,0.23728813559322035,1
259,6,0.23728813559322035,0.8888888888888888
260,6,0.2542372881355932,0.8888888888888888
261,6,0.3220338983050847,0.7777777777777778
262,6,0.559322033898305,0.7777777777777778
263,6,0.2711864406779661,0.7777777777777778
264,6,0.15254237288135594,0.3333333333333333
265,6,0.2033898305084746,0.4444444444444444
266,6,0.2033898305084746,1
267,6,0.22033898305084745,0.8888888888888888
268,6,0.3559322033898305,0.3333333333333333
269,6,0.3389830508474576,1
270,6,0.288135593220339,1
271,6,0.3050847457627119,0.6666666666666666
272,6,0.2711864406779661,0.7777777777777778
273,6,0.23728813559322035,0.7777777777777778
274,6,0.4067796610169492,1
275,6,0.3389830508474576,0.6666666666666666
276,6,0.559322033898305,0.7777777777777778
277,6,0.4745762711864407,0.4444444444444444
278,6,0.3728813559322034,0.6666666666666666
279,6,0.22033898305084745,1
280,6,0.423728813559322,0.5555555555555556
281,6,0.3220338983050847,1
282,6,0.3559322033898305,0.7777777777777778
283,6,0.423728813559322,0.6666666666666666
284,6,0.3220338983050847,0.6666666666666666
285,6,0.3898305084745763,0.8888888888888888
286,6,0.23728813559322035,0.4444444444444444
287,6,0.23728813559322035,0.4444444444444444
288,6,0.5423728813559322,0.7777777777777778
289,6,0.2542372881355932,0.5555555555555556
290,6,0.2711864406779661,0.8888888888888888
291,6,0.13559322033898305,0.2222222222222222
292,6,0.5254237288135594,0.4444444444444444
293,6,0.4406779661016949,1
294,6,0.3050847457627119,0.3333333333333333
295,6,0.3050847457627119,1
296,6,0.15254237288135594,0.8888888888888888
297,6,0.3389830508474576,0.6666666666666666
298,6,0.288135593220339,0.8888888888888888
299,6,0.3898305084745763,0.8888888888888888
300,6,0.4406779661016949,0.8888888888888888
301,6,0.15254237288135594,0.6666666666666666
302,6,0.2542372881355932,0.7777777777777778
303,6,0.3050847457627119,0.6666666666666666
304,6,0.2033898305084746,0.7777777777777778
305,6,0.3389830508474576,0.4444444444444444
306,6,0.2711864406779661,0.8888888888888888
307,6,0.3898305084745763,0.4444444444444444
308,6,0.1694915254237288,0.8888888888888888
309,6,0.2711864406779661,0.3333333333333333
310,6,0.1694915254237288,0.1111111111111111
311,6,0.1864406779661017,0.7777777777777778
312,6,0.5254237288135594,0.5555555555555556
313,6,0.22033898305084745,0.7777777777777778
314,6,0.4067796610169492,0.5555555555555556
315,6,0.3050847457627119,1
316,6,0.1694915254237288,0.4444444444444444
317,6,0.22033898305084745,0.8888888888888888
318,6,0.2542372881355932,0.8888888888888888
319,6,0.2711864406779661,0.6666666666666666
320,6,0.2033898305084746,0.8888888888888888
321,6,0.2542372881355932,0.3333333333333333
322,6,0.1864406779661017,0.7777777777777778
323,6,0.3898305084745763,0.4444444444444444
324,6,0.11864406779661017,0.7777777777777778
325,6,0.15254237288135594,0.7777777777777778
326,6,0.3050847457627119,0.7777777777777778
327,6,0.2542372881355932,0.8888888888888888
328,6,0.13559322033898305,1
329,6,0.4915254237288136,0.5555555555555556
330,6,0.22033898305084745,0.8888888888888888
331,6,0.423728813559322,0.4444444444444444
332,6,0.3728813559322034,0.8888888888888888
333,6,0.2711864406779661,0.6666666666666666
334,6,0.2542372881355932,0.8888888888888888
335,6,0.3559322033898305,0.7777777777777778
336,6,0.3220338983050847,0.4444444444444444
337,6,0.288135593220339,0.7777777777777778
338,6,0.3389830508474576,0.6666666666666666
339,6,0.3220338983050847,0.8888888888888888
340,6,0.288135593220339,0.5555555555555556
341,6,0.2033898305084746,0.8888888888888888
342,6,0.711864406779661,0.4444444444444444
343,6,0.3389830508474576,0.8888888888888888
344,6,0.2033898305084746,0.7777777777777778
345,6,0.3898305084745763,0.6666666666666666
346,6,0.2033898305084746,0.8888888888888888
347,6,0.3050847457627119,0.4444444444444444
348,6,0.2711864406779661,0.7777777777777778
349,6,0.4067796610169492,0.6666666666666666
350,6,0.23728813559322035,0.8888888888888888
351,6,0.3050847457627119,1
352,6,0.6610169491525424,0.7777777777777778
353,6,0.2711864406779661,0.1111111111111111
354,6,0.23728813559322035,0.7777777777777778
355,6,0.4406779661016949,0.6666666666666666
356,6,0.3559322033898305,0.8888888888888888
357,6,0.3728813559322034,0.5555555555555556
358,6,0.3389830508474576,0.6666666666666666
359,6,0.3559322033898305,0.8888888888888888
360,6,0.3389830508474576,0.4444444444444444
361,6,0.3898305084745763,0.3333333333333333
362,6,0.2711864406779661,0.6666666666666666
363,6,0.3050847457627119,0.5555555555555556
364,6,0.4915254237288136,0.5555555555555556
365,6,0.3389830508474576,1
366,6,0.4745762711864407,0.6666666666666666
367,6,0.3898305084745763,0.7777777777777778
368,6,0.4576271186440678,0.7777777777777778
369,6,0.288135593220339,0.4444444444444444
370,6,0.22033898305084745,0.4444444444444444
371,6,0.1694915254237288,0.7777777777777778
372,6,0.1864406779661017,1
373,6,0.2542372881355932,0.5555555555555556
374,6,0.23728813559322035,0.4444444444444444
375,6,0.13559322033898305,0.4444444444444444
376,6,0.3898305084745763,0.5555555555555556
377,6,0.5084745762711864,0.4444444444444444
378,6,0.15254237288135594,0.8888888888888888
379,6,0.3559322033898305,0.4444444444444444
380,6,0.3728813559322034,0.7777777777777778
381,6,0.2542372881355932,0.4444444444444444
382,6,0.13559322033898305,0.6666666666666666
383,6,0.4406779661016949,0.2222222222222222
384,6,0.1694915254237288,1
385,6,0.2542372881355932,0.5555555555555556
386,6,0.3050847457627119,0.7777777777777778
387,6,0.3728813559322034,0.5555555555555556
388,6,0.3728813559322034,1
389,6,0.288135593220339,0.8888888888888888
390,6,0.2033898305084746,1
391,6,0.2033898305084746,0.8888888888888888
392,6,0.4067796610169492,0.4444444444444444
393,6,0.3389830508474576,0.6666666666666666
394,6,0.23728813559322035,0.8888888888888888
395,6,0.3220338983050847,0.3333333333333333
396,6,0.3559322033898305,0.4444444444444444
397,6,0.423728813559322,0.5555555555555556
398,6,0.4406779661016949,0.5555555555555556
399,6,0.5254237288135594,0.6666666666666666
400,6,0.3220338983050847,0.5555555555555556
401,6,0.2542372881355932,0.5555555555555556
402,6,0.22033898305084745,0.7777777777777778
403,6,0.3220338983050847,0.7777777777777778
404,6,0.1694915254237288,0.7777777777777778
405,6,0.23728813559322035,0.6666666666666666
406,6,0.3050847457627119,0.8888888888888888
407,6,0.22033898305084745,0.3333333333333333
408,6,0.3559322033898305,1
409,6,0.2711864406779661,0.4444444444444444
410,6,0.3050847457627119,1
411,6,0.3389830508474576,1
412,6,0.23728813559322035,0.3333333333333333
413,6,0.3050847457627119,1
414,6,0.2033898305084746,1
415,6,0.2711864406779661,0.5555555555555556
416,6,0.3559322033898305,1
417,6,0.288135593220339,1
418,6,0.3220338983050847,0.8888888888888888
419,6,0.3898305084745763,0.3333333333333333
420,6,0.23728813559322035,0.7777777777777778
421,6,0.11864406779661017,0.2222222222222222
422,6,0.3559322033898305,0.4444444444444444
423,6,0.3559322033898305,0.6666666666666666
424,6,0.4576271186440678,0.5555555555555556
425,6,0.23728813559322035,0.4444444444444444
426,6,0.288135593220339,1
427,6,0.23728813559322035,0.8888888888888888
428,6,0.23728813559322035,0.4444444444444444
429,6,0.5932203389830508,0.6666666666666666
430,6,0.2711864406779661,1
431,6,0.23728813559322035,0.7777777777777778
432,6,0.4067796610169492,1
433,6,0.3050847457627119,0.7777777777777778
434,6,0.3050847457627119,0.6666666666666666
435,6,0.15254237288135594,0.6666666666666666
436,6,0.2542372881355932,0.8888888888888888
437,6,0.3220338983050847,0.3333333333333333
438,6,0.1016949152542373,0.4444444444444444
439,6,0.1694915254237288,0.8888888888888888
440,6,0.2542372881355932,0.7777777777777778
441,6,0.3728813559322034,0.8888888888888888
442,6,0.4576271186440678,0.2222222222222222
443,6,0.3559322033898305,0.6666666666666666
444,6,0.3389830508474576,1
445,6,0.2711864406779661,0.3333333333333333
446,6,0.1864406779661017,0.2222222222222222
447,6,0.3220338983050847,0.8888888888888888
448,6,0.23728813559322035,0.5555555555555556
449,6,0.3559322033898305,0.4444444444444444
450,6,0.288135593220339,0.5555555555555556
451,6,0.3728813559322034,0.6666666666666666
452,6,0.4067796610169492,1
453,6,0.4915254237288136,1
454,6,0.2711864406779661,0.6666666666666666
455,6,0.23728813559322035,0.7777777777777778
456,6,0.3050847457627119,1
457,6,0.1694915254237288,0.4444444444444444
458,6,0.4067796610169492,0.5555555555555556
459,6,0.1694915254237288,0.7777777777777778
460,6,0.288135593220339,0.4444444444444444
461,6,0.3220338983050847,0.6666666666666666
462,6,0.3220338983050847,0.4444444444444444
463,6,0.3050847457627119,0.7777777777777778
464,6,0.13559322033898305,0.7777777777777778
465,6,0.3728813559322034,0.7777777777777778
466,6,0.3220338983050847,0.6666666666666666
467,6,0.5423728813559322,0.5555555555555556
468,6,0.3220338983050847,0.8888888888888888
469,6,0.4576271186440678,0.7777777777777778
470,6,0.3559322033898305,0.4444444444444444
471,6,0.22033898305084745,0.5555555555555556
472,6,0.2711864406779661,0.6666666666666666
473,6,0.4067796610169492,0.7777777777777778
474,6,0.2542372881355932,1
475,6,0.288135593220339,0.4444444444444444
476,6,0.2711864406779661,0.8888888888888888
477,6,0.3389830508474576,0.4444444444444444
478,6,0.3389830508474576,0.6666666666666666
479,6,0.4915254237288136,1
480,6,0.4067796610169492,0.3333333333333333
481,6,0.4406779661016949,0.4444444444444444
482,6,0.3220338983050847,0.4444444444444444
483,6,0.4745762711864407,1
484,6,0.2542372881355932,0.6666666666666666
485,6,0.288135593220339,0.6666666666666666
486,6,0.3050847457627119,0.4444444444444444
487,6,0.3559322033898305,0.4444444444444444
488,6,0.3050847457627119,0.4444444444444444
489,6,0.288135593220339,0.8888888888888888
490,6,0.288135593220339,0.8888888888888888
491,6,0.288135593220339,0.7777777777777778
492,6,0.4067796610169492,0.6666666666666666
493,6,0.1864406779661017,0.4444444444444444
494,6,0.22033898305084745,0.3333333333333333
495,6,0.2542372881355932,1
496,6,0.3728813559322034,0.6666666666666666
497,6,0.3728813559322034,0.1111111111111111
498,6,0.3898305084745763,0.6666666666666666
499,6,0.4067796610169492,1
500,6,0.23728813559322035,1
501,1,0.3559322033898305,0.4444444444444444
502,1,0.4067796610169492,0.8888888888888888
503,3,0.7457627118644068,0.2222222222222222
504,1,0.2542372881355932,0.7777777777777778
505,3,0.5932203389830508,0.6666666666666666
506,3,0.711864406779661,0.3333333333333333
507,1,0.2542372881355932,1
508,1,0.3559322033898305,0.3333333333333333
509,1,0.3220338983050847,0.7777777777777778
510,3,0.8305084745762712,0.5555555555555556
511,3,0.3559322033898305,1
512,1,0.3559322033898305,0.7777777777777778
513,3,0.3728813559322034,0.2222222222222222
514,3,0.6779661016949152,0.6666666666666666
515,3,0.5084745762711864,0.1111111111111111
516,1,0.3898305084745763,0.2222222222222222
517,1,0.4067796610169492,0.6666666666666666
518,1,0.3728813559322034,1
519,1,0.2542372881355932,1
520,3,0.5932203389830508,0.5555555555555556
521,1,0.3728813559322034,0.5555555555555556
522,1,0.4576271186440678,0.4444444444444444
523,3,0.2711864406779661,0.5555555555555556
524,3,0.576271186440678,0.2222222222222222
525,1,0.3389830508474576,0.4444444444444444
526,1,0.288135593220339,1
527,1,0.23728813559322035,0.8888888888888888
528,1,0.3898305084745763,0.6666666666666666
529,3,0.6440677966101694,0.2222222222222222
530,3,0.7966101694915254,0.3333333333333333
531,1,0.23728813559322035,0.6666666666666666
532,1,0.3898305084745763,0.4444444444444444
533,1,0.3050847457627119,0.4444444444444444
534,1,0.4406779661016949,1
535,3,0.6271186440677966,0.3333333333333333
536,1,0.3559322033898305,0.4444444444444444
537,3,0.576271186440678,0.4444444444444444
538,3,0.5084745762711864,0.2222222222222222
539,3,0.7796610169491526,0.2222222222222222
540,1,0.3898305084745763,0.5555555555555556
541,3,0.5423728813559322,0.4444444444444444
542,1,0.3220338983050847,0.4444444444444444
543,1,0.4576271186440678,0.7777777777777778
544,3,0.711864406779661,0.3333333333333333
545,3,0.6610169491525424,0.3333333333333333
546,1,0.288135593220339,1
547,3,0.6271186440677966,0.2222222222222222
548,1,0.3389830508474576,1
549,1,0.4067796610169492,0.3333333333333333
550,3,0.6779661016949152,0.3333333333333333
551,1,0.3559322033898305,0.5555555555555556
552,3,0.4745762711864407,0.4444444444444444
553,1,0.423728813559322,0.4444444444444444
554,1,0.3728813559322034,0.8888888888888888
555,3,0.711864406779661,0.4444444444444444
556,1,0.5932203389830508,0.6666666666666666
557,3,0.2711864406779661,0.4444444444444444
558,1,0.4067796610169492,0.6666666666666666
559,3,0.6271186440677966,0.3333333333333333
560,3,0.7288135593220338,0.2222222222222222
561,1,0.423728813559322,0.7777777777777778
562,3,0.288135593220339,0.5555555555555556
563,1,0.4406779661016949,0.6666666666666666
564,3,0.5932203389830508,0.1111111111111111
565,3,0.6271186440677966,0.5555555555555556
566,1,0.3559322033898305,0.6666666666666666
567,1,0.2542372881355932,0.6666666666666666
568,1,0.2711864406779661,0.4444444444444444
569,3,0.6610169491525424,0.2222222222222222
570,3,0.6440677966101694,0
571,1,0.3559322033898305,0.6666666666666666
572,3,0.4915254237288136,0.4444444444444444
573,3,0.6779661016949152,0.5555555555555556
574,1,0.3728813559322034,0.3333333333333333
575,1,0.3220338983050847,0.4444444444444444
576,1,0.423728813559322,0.4444444444444444
577,3,0.5084745762711864,0.3333333333333333
578,3,0.4915254237288136,0.4444444444444444
579,3,0.5932203389830508,0.6666666666666666
580,3,0.6440677966101694,0.1111111111111111
581,1,0.423728813559322,0.4444444444444444
582,1,0.4406779661016949,0.4444444444444444
583,1,0.3728813559322034,0.5555555555555556
584,3,0.6271186440677966,0.1111111111111111
585,1,0.4576271186440678,0.4444444444444444
586,1,0.2711864406779661,1
587,3,0.7288135593220338,0.2222222222222222
588,1,0.288135593220339,1
589,1,0.3389830508474576,1
590,3,0.7627118644067796,0
591,1,0.3050847457627119,1
592,1,0.3559322033898305,0.2222222222222222
593,1,0.288135593220339,1
594,3,0.6440677966101694,0.1111111111111111
595,1,0.3728813559322034,1
596,1,0.3220338983050847,0.6666666666666666
597,1,0.4067796610169492,0.4444444444444444
598,3,0.5423728813559322,0.4444444444444444
599,3,0.4915254237288136,0.2222222222222222
600,1,0.3389830508474576,0.3333333333333333
601,1,0.3559322033898305,0.2222222222222222
602,1,0.3728813559322034,1
603,3,0.4406779661016949,0.4444444444444444
604,1,0.2542372881355932,0.6666666666666666
605,1,0.3728813559322034,0.4444444444444444
606,3,0.6101694915254238,0.2222222222222222
607,1,0.2711864406779661,0.4444444444444444
608,1,0.3220338983050847,1
609,1,0.288135593220339,0.2222222222222222
610,3,0.7288135593220338,0.1111111111111111
611,1,0.3050847457627119,1
612,3,0.6271186440677966,0.3333333333333333
613,3,0.6949152542372882,0.4444444444444444
614,1,0.23728813559322035,0.1111111111111111
615,1,0.423728813559322,0.6666666666666666
616,3,0.6949152542372882,0.4444444444444444
617,3,0.2033898305084746,0.7777777777777778
618,1,0.3559322033898305,0.3333333333333333
619,1,0.3220338983050847,0.3333333333333333
620,3,0.559322033898305,0.5555555555555556
621,1,0.2711864406779661,0.5555555555555556
622,1,0.2542372881355932,0.1111111111111111
623,1,0.3220338983050847,0.1111111111111111
624,1,0.3220338983050847,0.4444444444444444
625,3,0.3728813559322034,0.3333333333333333
626,3,0.5423728813559322,0.2222222222222222
627,3,0.4745762711864407,0.3333333333333333
628,1,0.3898305084745763,1
629,1,0.3050847457627119,0.2222222222222222
630,1,0.4915254237288136,1
631,3,0.4915254237288136,0.4444444444444444
632,3,0.3898305084745763,0.6666666666666666
633,1,0.3898305084745763,0.4444444444444444
634,1,0.3559322033898305,0.4444444444444444
635,3,0.4915254237288136,0.2222222222222222
636,3,0.4915254237288136,0.4444444444444444
637,1,0.3050847457627119,0.1111111111111111
638,1,0.288135593220339,0.3333333333333333
639,1,0.23728813559322035,0.4444444444444444
640,1,0.3898305084745763,0.4444444444444444
641,3,0.4915254237288136,0.4444444444444444
642,1,0.2542372881355932,1
643,3,0.5423728813559322,0.4444444444444444
644,1,0.3389830508474576,0.1111111111111111
645,1,0.3050847457627119,1
646,3,0.5084745762711864,0.5555555555555556
647,3,0.6101694915254238,0.4444444444444444
648,1,0.3220338983050847,0.4444444444444444
649,3,0.5084745762711864,0.6666666666666666
650,3,0.576271186440678,0.7777777777777778
651,1,0.4067796610169492,0.5555555555555556
652,3,0.6271186440677966,0.2222222222222222
653,1,0.3559322033898305,0.5555555555555556
654,1,0.3559322033898305,1
655,1,0.4406779661016949,0.6666666666666666
656,3,0.5423728813559322,0.3333333333333333
657,1,0.3898305084745763,0.5555555555555556
658,1,0.3389830508474576,1
659,1,0.3389830508474576,0.6666666666666666
660,3,0.5084745762711864,0.3333333333333333
661,3,0.5423728813559322,0.2222222222222222
662,1,0.2542372881355932,0.6666666666666666
663,1,0.3220338983050847,0.3333333333333333
664,3,0.6610169491525424,0.1111111111111111
665,3,0.4406779661016949,0.4444444444444444
666,1,0.3728813559322034,0.6666666666666666
667,3,0.559322033898305,0.3333333333333333
668,1,0.3389830508474576,0.4444444444444444
669,1,0.3050847457627119,1
670,1,0.3559322033898305,0.3333333333333333
671,3,0.5084745762711864,0.4444444444444444
672,3,0.23728813559322035,0.5555555555555556
673,1,0.3559322033898305,0.4444444444444444
674,3,0.5423728813559322,0.2222222222222222
675,1,0.3898305084745763,0.3333333333333333
676,1,0.4067796610169492,0.5555555555555556
677,1,0.3559322033898305,0.3333333333333333
678,1,0.3220338983050847,0.4444444444444444
679,3,0.7796610169491526,0.4444444444444444
680,3,0.4406779661016949,0.4444444444444444
681,3,0.5254237288135594,0.1111111111111111
682,3,0.4406779661016949,0.4444444444444444
683,3,0.5423728813559322,0.3333333333333333
684,3,0.559322033898305,0.3333333333333333
685,1,0.3389830508474576,0.7777777777777778
686,1,0.3559322033898305,0.3333333333333333
687,3,0.7796610169491526,0.5555555555555556
688,3,0.5084745762711864,0.3333333333333333
689,3,0.4067796610169492,0.2222222222222222
690,3,0.6440677966101694,0.5555555555555556
691,1,0.3559322033898305,0.3333333333333333
692,3,0.7288135593220338,0.3333333333333333
693,1,0.3220338983050847,0.3333333333333333
694,3,0.6779661016949152,0.3333333333333333
695,1,0.3050847457627119,0.2222222222222222
696,1,0.4406779661016949,1
697,1,0.23728813559322035,0.2222222222222222
698,1,0.3050847457627119,0.2222222222222222
699,3,0.4745762711864407,0.3333333333333333
700,1,0.423728813559322,0.5555555555555556
701,1,0.2542372881355932,0.2222222222222222
702,3,0.1864406779661017,0.4444444444444444
703,3,0.6440677966101694,0.3333333333333333
704,1,0.1864406779661017,1
705,1,0.4745762711864407,1
706,3,0.6271186440677966,0.2222222222222222
707,3,0.5254237288135594,0.4444444444444444
708,1,0.22033898305084745,0.2222222222222222
709,3,0.559322033898305,0.2222222222222222
710,1,0.2033898305084746,0.1111111111111111
711,1,0.23728813559322035,0.1111111111111111
712,3,0.4915254237288136,0.3333333333333333
713,1,0.3559322033898305,0.8888888888888888
714,1,0.23728813559322035,0.2222222222222222
715,3,0.423728813559322,0.4444444444444444
716,1,0.2542372881355932,0.3333333333333333
717,3,0.6271186440677966,0.5555555555555556
718,1,0.423728813559322,0.4444444444444444
719,1,0.3220338983050847,0.3333333333333333
720,1,0.3728813559322034,1
721,3,0.4067796610169492,0.5555555555555556
722,1,0.3050847457627119,1
723,1,0.288135593220339,0.3333333333333333
724,3,0.5932203389830508,0.2222222222222222
725,1,0.288135593220339,0.2222222222222222
726,3,0.559322033898305,0.4444444444444444
727,1,0.2542372881355932,0.3333333333333333
728,1,0.288135593220339,0.4444444444444444
729,1,0.3220338983050847,1
730,1,0.288135593220339,0.3333333333333333
731,1,0.3220338983050847,0.3333333333333333
732,3,0.5423728813559322,0.7777777777777778
733,3,0.6779661016949152,0.5555555555555556
734,1,0.3050847457627119,0.2222222222222222
735,1,0.3389830508474576,0.6666666666666666
736,3,0.423728813559322,0.4444444444444444
737,3,0.3050847457627119,0.6666666666666666
738,1,0.2033898305084746,0
739,3,0.6440677966101694,0.3333333333333333
740,1,0.2033898305084746,0.1111111111111111
741,1,0.2711864406779661,0.7777777777777778
742,3,0.6949152542372882,0.3333333333333333
743,3,0.6271186440677966,0.3333333333333333
744,1,0.3389830508474576,0.5555555555555556
745,3,0.6440677966101694,0.1111111111111111
746,3,0.6271186440677966,0.3333333333333333
747,1,0.288135593220339,0.1111111111111111
748,3,0.4406779661016949,0.4444444444444444
749,1,0.4067796610169492,0.7777777777777778
750,3,0.4406779661016949,0.1111111111111111
751,1,0.4576271186440678,0.6666666666666666
752,3,0.6949152542372882,0.7777777777777778
753,1,0.3050847457627119,1
754,1,0.423728813559322,0.5555555555555556
755,1,0.3728813559322034,0.5555555555555556
756,3,0.7796610169491526,1
757,1,0.423728813559322,0.4444444444444444
758,3,0.576271186440678,0.1111111111111111
759,3,0.7966101694915254,0.2222222222222222
760,1,0.3898305084745763,1
761,3,0.7796610169491526,0.8888888888888888
762,3,0.3898305084745763,0.4444444444444444
763,1,0.3220338983050847,0.8888888888888888
764,3,0.7457627118644068,0.8888888888888888
765,1,0.2542372881355932,0.4444444444444444
766,1,0.576271186440678,1
767,3,0.6271186440677966,0.5555555555555556
768,1,0.3559322033898305,0.8888888888888888
769,1,0.559322033898305,1
770,3,0.22033898305084745,0.6666666666666666
771,1,0.5254237288135594,0.7777777777777778
772,1,0.5932203389830508,1
773,3,0.6101694915254238,0.5555555555555556
774,1,0.5423728813559322,1
775,3,0.5423728813559322,0.4444444444444444
776,3,0.4915254237288136,0.2222222222222222
777,3,0.8305084745762712,0.6666666666666666
778,3,0.8813559322033898,0.7777777777777778
779,3,0.6271186440677966,0.1111111111111111
780,1,0.4406779661016949,0.6666666666666666
781,1,0.4576271186440678,0.7777777777777778
782,3,0.4067796610169492,0.5555555555555556
783,3,0.4745762711864407,1
784,3,0.423728813559322,0.3333333333333333
785,3,0.6440677966101694,0.6666666666666666
786,1,0.3050847457627119,1
787,3,0.5254237288135594,0.7777777777777778
788,1,0.559322033898305,0.6666666666666666
789,1,0.4915254237288136,0.8888888888888888
790,1,0.6440677966101694,1
791,3,0.4745762711864407,0.5555555555555556
792,1,0.3220338983050847,1
793,1,0.3898305084745763,0.4444444444444444
794,3,0.7457627118644068,0.2222222222222222
795,1,0.4067796610169492,0.4444444444444444
796,3,0.4745762711864407,0.5555555555555556
797,3,0.6440677966101694,0.3333333333333333
798,3,0.847457627118644,0.7777777777777778
799,3,0.5254237288135594,0.2222222222222222
800,1,0.4067796610169492,0.5555555555555556
801,3,0.576271186440678,0.5555555555555556
802,1,0.3898305084745763,1
803,1,0.2711864406779661,0.5555555555555556
804,1,0.3389830508474576,0.4444444444444444
805,1,0.288135593220339,0.4444444444444444
806,3,0.4915254237288136,0.3333333333333333
807,3,0.8135593220338984,0
808,1,0.3559322033898305,1
809,3,0.4576271186440678,0.1111111111111111
810,3,0.4067796610169492,0.2222222222222222
811,1,0.3389830508474576,0.3333333333333333
812,3,0.4915254237288136,0
813,1,0.3898305084745763,0.6666666666666666
814,1,0.4067796610169492,0.6666666666666666
815,1,0.3220338983050847,0.3333333333333333
816,1,0.288135593220339,0.3333333333333333
817,1,0.4067796610169492,1
818,3,0.3559322033898305,0.7777777777777778
819,3,0.4745762711864407,0.3333333333333333
820,1,0.2542372881355932,0.2222222222222222
821,1,0.22033898305084745,1
822,1,0.3389830508474576,1
823,3,0.423728813559322,0.4444444444444444
824,3,0.2711864406779661,0.5555555555555556
825,3,0.7796610169491526,0.2222222222222222
826,1,0.4067796610169492,0.4444444444444444
827,3,0.711864406779661,0.3333333333333333
828,3,0.7288135593220338,0.3333333333333333
829,3,0.6610169491525424,0.4444444444444444
830,3,0.4576271186440678,0.4444444444444444
831,1,0.3389830508474576,0.4444444444444444
832,3,0.5254237288135594,0.4444444444444444
833,1,0.3220338983050847,0.3333333333333333
834,3,0.559322033898305,0.4444444444444444
835,1,0.3559322033898305,0.4444444444444444
836,3,0.6610169491525424,0.2222222222222222
837,1,0.3898305084745763,0.4444444444444444
838,3,0.711864406779661,0.2222222222222222
839,3,0.559322033898305,0.8888888888888888
840,1,0.3728813559322034,1
841,3,0.4915254237288136,0.3333333333333333
842,1,0.3220338983050847,0.4444444444444444
843,3,0.5084745762711864,0.3333333333333333
844,1,0.23728813559322035,1
845,1,0.3220338983050847,0.5555555555555556
846,3,0.423728813559322,0.5555555555555556
847,1,0.3050847457627119,0.2222222222222222
848,3,0.4745762711864407,0.1111111111111111
849,3,0.711864406779661,0.3333333333333333
850,1,0.3050847457627119,0.7777777777777778
851,3,0.6610169491525424,0.2222222222222222
852,1,0.3898305084745763,0.4444444444444444
853,1,0.4067796610169492,0.4444444444444444
854,3,0.4745762711864407,0.1111111111111111
855,1,0.3559322033898305,1
856,1,0.288135593220339,0.4444444444444444
857,3,0.6610169491525424,0.2222222222222222
858,1,0.3050847457627119,0.5555555555555556
859,1,0.3220338983050847,0.5555555555555556
860,1,0.3559322033898305,0.5555555555555556
861,1,0.3220338983050847,1
862,1,0.23728813559322035,0.7777777777777778
863,1,0.3559322033898305,0.5555555555555556
864,3,0.4067796610169492,0.4444444444444444
865,3,0.6779661016949152,0.6666666666666666
866,1,0.3389830508474576,0.5555555555555556
867,3,0.559322033898305,0.3333333333333333
868,3,0.7627118644067796,0.2222222222222222
869,3,0.7796610169491526,0.2222222222222222
870,1,0.1864406779661017,0.5555555555555556
871,1,0.4067796610169492,0.5555555555555556
872,3,0.5423728813559322,0.2222222222222222
873,3,0.4745762711864407,0.1111111111111111
874,3,0.5423728813559322,0.2222222222222222
875,1,0.3728813559322034,0.5555555555555556
876,3,0.7457627118644068,0.2222222222222222
877,1,0.2542372881355932,0.1111111111111111
878,1,0.3389830508474576,1
879,1,0.3389830508474576,1
880,3,0.6440677966101694,0
881,1,0.3559322033898305,0.5555555555555556
882,3,0.559322033898305,0.4444444444444444
883,1,0.3389830508474576,1
884,1,0.5084745762711864,1
885,3,0.7966101694915254,0.6666666666666666
886,1,0.5254237288135594,1
887,1,0.2711864406779661,0.1111111111111111
888,3,0.6101694915254238,0.3333333333333333
889,3,0.8135593220338984,0.6666666666666666
890,3,0.423728813559322,0.3333333333333333
891,3,0.5254237288135594,0.2222222222222222
892,1,0.4745762711864407,0.4444444444444444
893,3,0.7457627118644068,0.5555555555555556
894,3,0.2711864406779661,0.3333333333333333
895,1,0.5254237288135594,0.7777777777777778
896,1,0.3389830508474576,1
897,1,0.4067796610169492,0.5555555555555556
898,3,0.5932203389830508,0.4444444444444444
899,3,0.7457627118644068,0.5555555555555556
900,3,0.3728813559322034,0.7777777777777778
901,1,0.3220338983050847,0.4444444444444444
902,3,0.3898305084745763,0.5555555555555556
903,3,0.5423728813559322,0.4444444444444444
904,1,0.23728813559322035,1
905,1,0.4067796610169492,0.8888888888888888
906,3,0.8135593220338984,0.3333333333333333
907,3,0.6440677966101694,0.8888888888888888
908,1,0.3728813559322034,0.4444444444444444
909,3,0.5423728813559322,0.6666666666666666
910,1,0.5254237288135594,0.8888888888888888
911,3,0.576271186440678,0.3333333333333333
912,1,0.2711864406779661,1
913,3,0.6101694915254238,0.5555555555555556
914,1,0.2033898305084746,0.4444444444444444
915,1,0.3728813559322034,1
916,3,0.6610169491525424,0.4444444444444444
917,3,0.6779661016949152,0.6666666666666666
918,3,0.559322033898305,0.7777777777777778
919,1,0.5254237288135594,0.7777777777777778
920,1,0.3898305084745763,0.7777777777777778
921,3,0.5423728813559322,0.2222222222222222
922,1,0.4576271186440678,0.5555555555555556
923,1,0.3898305084745763,0.4444444444444444
924,3,0.2542372881355932,0.4444444444444444
925,3,0.4576271186440678,0.5555555555555556
926,1,0.3220338983050847,0.4444444444444444
927,1,0.3220338983050847,0.4444444444444444
928,3,0.6101694915254238,0.4444444444444444
929,3,0.559322033898305,0.4444444444444444
930,3,0.3220338983050847,0.5555555555555556
931,1,0.423728813559322,1
932,3,0.5254237288135594,0.7777777777777778
933,1,0.3220338983050847,0.7777777777777778
934,3,0.6271186440677966,0.2222222222222222
935,1,0.3050847457627119,0.4444444444444444
936,3,0.423728813559322,0.4444444444444444
937,1,0.3728813559322034,0.4444444444444444
938,1,0.3559322033898305,0.4444444444444444
939,3,0.559322033898305,0.3333333333333333
940,3,0.4067796610169492,0.2222222222222222
941,3,0.5932203389830508,0.5555555555555556
942,3,0.4067796610169492,0.3333333333333333
943,1,0.4067796610169492,0.5555555555555556
944,1,0.3559322033898305,0.6666666666666666
945,3,0.7288135593220338,0.3333333333333333
946,3,0.7457627118644068,0.5555555555555556
947,1,0.3559322033898305,0.5555555555555556
948,1,0.3389830508474576,1
949,1,0.3559322033898305,0.7777777777777778
950,1,0.3728813559322034,1
951,1,0.4406779661016949,0.4444444444444444
952,3,0.4915254237288136,0.5555555555555556
953,1,0.3559322033898305,0.4444444444444444
954,3,0.5423728813559322,0.3333333333333333
955,3,0.9152542372881356,0.4444444444444444
956,3,0.4915254237288136,0.3333333333333333
957,1,0.23728813559322035,1
958,1,0.3559322033898305,1
959,1,0.2542372881355932,0.4444444444444444
960,3,0.8135593220338984,0.6666666666666666
961,1,0.423728813559322,1
962,3,0.5932203389830508,0.3333333333333333
963,3,0.6610169491525424,0.5555555555555556
964,1,0.3050847457627119,1
965,1,0.3559322033898305,0.8888888888888888
966,3,0.6101694915254238,0.3333333333333333
967,3,0.576271186440678,0.1111111111111111
968,3,0.5084745762711864,0.2222222222222222
969,3,0.6610169491525424,0.1111111111111111
970,3,0.7627118644067796,0.1111111111111111
971,3,0.5084745762711864,0.4444444444444444
972,1,0.3220338983050847,1
973,1,0.2711864406779661,0.5555555555555556
974,3,0.6440677966101694,0.1111111111111111
975,3,0.7288135593220338,0.2222222222222222
976,3,0.3559322033898305,0.1111111111111111
977,1,0.3050847457627119,0.4444444444444444
978,1,0.2033898305084746,0.5555555555555556
979,1,0.2711864406779661,1
980,3,0.5932203389830508,0.2222222222222222
981,1,0.288135593220339,1
982,1,0.1694915254237288,1
983,1,0.3898305084745763,1
984,1,0.3559322033898305,0.3333333333333333
985,1,0.22033898305084745,1
986,3,0.6101694915254238,0.4444444444444444
987,3,0.6779661016949152,0.2222222222222222
988,1,0.3898305084745763,0.3333333333333333
989,1,0.3050847457627119,0.5555555555555556
990,3,0.576271186440678,0.4444444444444444
991,1,0.423728813559322,1
992,1,0.2711864406779661,0.7777777777777778
993,1,0.4067796610169492,0.8888888888888888
994,1,0.3050847457627119,0.3333333333333333
995,3,0.4745762711864407,0.5555555555555556
996,1,0.3389830508474576,0.3333333333333333
997,3,0.5254237288135594,0.8888888888888888
998,1,0.5254237288135594,0.1111111111111111
999,1,0.3389830508474576,0.2222222222222222
1000,1,0.3050847457627119,0.2222222222222222
1001,3,0.3559322033898305,0.4444444444444444
1002,1,0.4067796610169492,0.7777777777777778
1003,1,0.3389830508474576,0.4444444444444444
1004,3,0.6610169491525424,0.5555555555555556
1005,1,0.423728813559322,1
1006,1,0.3050847457627119,0.3333333333333333
1007,1,0.1864406779661017,0.5555555555555556
1008,1,0.3389830508474576,1
1009,3,0.5932203389830508,0.4444444444444444
1010,1,0.3389830508474576,0.1111111111111111
1011,3,0.5423728813559322,0.4444444444444444
1012,3,0.23728813559322035,0.5555555555555556
1013,3,0.6949152542372882,0.5555555555555556
1014,3,0.6610169491525424,0.3333333333333333
1015,3,0.6101694915254238,0.4444444444444444
1016,1,0.3220338983050847,0.3333333333333333
1017,1,0.3050847457627119,0.2222222222222222
1018,3,0.576271186440678,0.6666666666666666
1019,1,0.3389830508474576,0.3333333333333333
1020,3,0.6779661016949152,0.3333333333333333
1021,3,0.6949152542372882,0.2222222222222222
1022,3,0.6440677966101694,0.5555555555555556
1023,1,0.2542372881355932,0.4444444444444444
1024,3,0.6779661016949152,0.5555555555555556
1025,3,0.5932203389830508,0.4444444444444444
1026,3,0.6271186440677966,0.1111111111111111
1027,3,0.4576271186440678,0.3333333333333333
1028,1,0.3559322033898305,0.2222222222222222
1029,1,0.3728813559322034,0.5555555555555556
1030,1,0.423728813559322,0.4444444444444444
1031,3,0.4067796610169492,0.3333333333333333
1032,3,0.6779661016949152,0.1111111111111111
1033,3,0.7457627118644068,0.4444444444444444
1034,1,0.288135593220339,0.4444444444444444
1035,3,0.4067796610169492,0.7777777777777778
1036,1,0.3898305084745763,0.4444444444444444
1037,3,0.6779661016949152,0.4444444444444444
1038,1,0.288135593220339,0.8888888888888888
1039,1,0.3050847457627119,0.3333333333333333
1040,3,0.7627118644067796,0.2222222222222222
1041,1,0.3559322033898305,0.2222222222222222
1042,1,0.2542372881355932,1
1043,1,0.3389830508474576,0.6666666666666666
1044,1,0.3898305084745763,0.4444444444444444
1045,3,0.6949152542372882,0.3333333333333333
1046,1,0.3389830508474576,0.8888888888888888
1047,3,0.5084745762711864,0.2222222222222222
1048,1,0.4067796610169492,0.4444444444444444
1049,3,0.7966101694915254,0.5555555555555556
1050,1,0.288135593220339,1
1051,3,0.6101694915254238,0.5555555555555556
1052,3,0.6949152542372882,0.4444444444444444
1053,1,0.3559322033898305,0.4444444444444444
1054,1,0.3389830508474576,0.4444444444444444
1055,3,0.6779661016949152,0.1111111111111111
1056,3,0.6949152542372882,0.6666666666666666
1057,3,0.5932203389830508,0.2222222222222222
1058,1,0.288135593220339,1
1059,1,0.2542372881355932,0.5555555555555556
1060,1,0.3898305084745763,0.4444444444444444
1061,3,0.6101694915254238,0.4444444444444444
1062,3,0.4406779661016949,1
1063,1,0.3220338983050847,1
1064,1,0.2711864406779661,1
1065,1,0.3898305084745763,0.4444444444444444
1066,1,0.4067796610169492,0.4444444444444444
1067,3,0.288135593220339,0.7777777777777778
1068,1,0.4067796610169492,0.5555555555555556
1069,3,0.7288135593220338,0.3333333333333333
1070,1,0.2033898305084746,1
1071,1,0.3389830508474576,1
1072,3,0.4067796610169492,0.5555555555555556
1073,3,0.4576271186440678,0.3333333333333333
1074,3,0.4406779661016949,0.5555555555555556
1075,1,0.22033898305084745,0.6666666666666666
1076,3,0.5423728813559322,0.5555555555555556
1077,3,0.5423728813559322,0.1111111111111111
1078,1,0.3220338983050847,0.7777777777777778
1079,1,0.4067796610169492,1
1080,3,0.6779661016949152,0.5555555555555556
1081,3,0.559322033898305,0.5555555555555556
1082,1,0.2711864406779661,0.6666666666666666
1083,1,0.4067796610169492,0.5555555555555556
1084,3,0.4745762711864407,0.2222222222222222
1085,3,0.6779661016949152,0.1111111111111111
1086,1,0.3050847457627119,0.4444444444444444
1087,1,0.3559322033898305,0.7777777777777778
1088,3,0.8135593220338984,0.7777777777777778
1089,3,0.6101694915254238,0.5555555555555556
1090,1,0.4406779661016949,0.8888888888888888
1091,1,0.288135593220339,0.1111111111111111
1092,3,0.711864406779661,0
1093,3,0.6610169491525424,0.6666666666666666
1094,3,0.711864406779661,0
1095,1,0.4745762711864407,0.4444444444444444
1096,1,0.2711864406779661,1
1097,1,0.4406779661016949,0.3333333333333333
1098,3,0.4745762711864407,0.1111111111111111
1099,1,0.5254237288135594,1
1100,1,0.3389830508474576,0.3333333333333333
1101,1,0.423728813559322,0.7777777777777778
1102,1,0.3728813559322034,0.4444444444444444
1103,3,0.7966101694915254,0.3333333333333333
1104,1,0.3559322033898305,0.8888888888888888
1105,1,0.4067796610169492,1
1106,1,0.3898305084745763,0.7777777777777778
1107,3,0.711864406779661,0.4444444444444444
1108,3,0.7627118644067796,0.1111111111111111
1109,1,0.423728813559322,0.7777777777777778
1110,1,0.3728813559322034,0.8888888888888888
1111,3,0.7966101694915254,0.2222222222222222
1112,3,0.7627118644067796,0.4444444444444444
1113,1,0.2711864406779661,0.4444444444444444
1114,1,0.4067796610169492,0.4444444444444444
1115,3,0.5932203389830508,0.4444444444444444
1116,3,0.4915254237288136,0.3333333333333333
1117,1,0.22033898305084745,0.4444444444444444
1118,1,0.3220338983050847,1
1119,3,0.6779661016949152,0.3333333333333333
1120,3,0.6949152542372882,0.6666666666666666
1121,1,0.3728813559322034,0.5555555555555556
1122,1,0.3898305084745763,0.4444444444444444
1123,1,0.23728813559322035,0.5555555555555556
1124,3,0.7627118644067796,0.2222222222222222
1125,1,0.3559322033898305,0.4444444444444444
1126,3,0.7457627118644068,0.3333333333333333
1127,3,0.5254237288135594,0.2222222222222222
1128,3,0.559322033898305,0.4444444444444444
1129,1,0.2711864406779661,1
1130,1,0.288135593220339,0.2222222222222222
1131,3,0.6101694915254238,0.2222222222222222
1132,1,0.3050847457627119,0.6666666666666666
1133,1,0.23728813559322035,0.3333333333333333
1134,1,0.2033898305084746,1
1135,1,0.4576271186440678,1
1136,3,0.4745762711864407,0.3333333333333333
1137,3,0.6271186440677966,0.4444444444444444
1138,1,0.2711864406779661,0.1111111111111111
1139,3,0.6271186440677966,0.3333333333333333
1140,3,0.5254237288135594,0.6666666666666666
1141,1,0.3389830508474576,0.3333333333333333
1142,1,0.3220338983050847,0.3333333333333333
1143,3,0.6440677966101694,0.2222222222222222
1144,3,0.559322033898305,0.1111111111111111
1145,3,0.5423728813559322,0.4444444444444444
1146,3,0.6101694915254238,0.3333333333333333
1147,1,0.3220338983050847,0.6666666666666666
1148,1,0.3050847457627119,0.3333333333333333
1149,3,0.6271186440677966,0.3333333333333333
1150,1,0.4915254237288136,1
1151,1,0.3220338983050847,0.1111111111111111
1152,3,0.5932203389830508,0.4444444444444444
1153,1,0.3050847457627119,0.2222222222222222
1154,1,0.3220338983050847,0.2222222222222222
1155,1,0.22033898305084745,0.5555555555555556
1156,1,0.3050847457627119,0.8888888888888888
1157,3,0.6949152542372882,0.1111111111111111
1158,1,0.22033898305084745,1
1159,1,0.3559322033898305,0.4444444444444444
1160,1,0.3559322033898305,0.4444444444444444
1161,1,0.3898305084745763,0.5555555555555556
1162,3,0.3220338983050847,0.3333333333333333
1163,1,0.3728813559322034,0.5555555555555556
1164,3,0.5932203389830508,0.2222222222222222
1165,3,0.4067796610169492,0.5555555555555556
1166,3,0.6779661016949152,0.2222222222222222
1167,1,0.3559322033898305,0.6666666666666666
1168,3,0.6779661016949152,0.3333333333333333
1169,3,0.6101694915254238,0.3333333333333333
1170,3,0.4915254237288136,0.2222222222222222
1171,1,0.3389830508474576,0.5555555555555556
1172,3,0.4406779661016949,0.4444444444444444
1173,1,0.22033898305084745,1
1174,3,0.576271186440678,0.1111111111111111
1175,3,0.3898305084745763,0.2222222222222222
1176,1,0.3050847457627119,1
1177,1,0.2542372881355932,1
1178,3,0.559322033898305,0.3333333333333333
1179,1,0.2711864406779661,0.6666666666666666
1180,1,0.3898305084745763,0.5555555555555556
1181,3,0.5084745762711864,0.5555555555555556
1182,3,0.6101694915254238,0.1111111111111111
1183,1,0.23728813559322035,0.5555555555555556
1184,3,0.4915254237288136,0.3333333333333333
1185,1,0.3389830508474576,0.4444444444444444
1186,1,0.2033898305084746,0.6666666666666666
1187,3,0.7966101694915254,0.4444444444444444
1188,3,0.5254237288135594,0
1189,3,0.5423728813559322,0.4444444444444444
1190,3,0.3050847457627119,0.3333333333333333
1191,1,0.4406779661016949,1
1192,3,0.6271186440677966,0.2222222222222222
1193,1,0.4745762711864407,0.4444444444444444
1194,3,0.6440677966101694,0.2222222222222222
1195,3,0.7796610169491526,0.3333333333333333
1196,1,0.3728813559322034,0.8888888888888888
1197,1,0.3898305084745763,0.6666666666666666
1198,3,0.5254237288135594,0.2222222222222222
1199,3,0.3389830508474576,0.2222222222222222
1200,1,0.3559322033898305,0.4444444444444444
1201,1,0.3220338983050847,0.4444444444444444
1202,1,0.3728813559322034,0.2222222222222222
1203,1,0.23728813559322035,0.4444444444444444
1204,3,0.847457627118644,0
1205,3,0.576271186440678,0.2222222222222222
1206,1,0.2542372881355932,0.1111111111111111
1207,1,0.3559322033898305,0.7777777777777778
1208,3,0.8305084745762712,0.1111111111111111
1209,3,0.6779661016949152,0.1111111111111111
1210,3,0.7457627118644068,0.4444444444444444
1211,3,0.6610169491525424,0.4444444444444444
1212,1,0.4067796610169492,0.7777777777777778
1213,1,0.3050847457627119,0.2222222222222222
1214,1,0.2711864406779661,0.4444444444444444
1215,3,0.6271186440677966,0.3333333333333333
1216,1,0.3050847457627119,0.4444444444444444
1217,3,0.6101694915254238,0.4444444444444444
1218,3,0.5423728813559322,0.2222222222222222
1219,1,0.3389830508474576,0.3333333333333333
1220,1,0.3898305084745763,1
1221,1,0.288135593220339,0.3333333333333333
1222,3,0.6101694915254238,0.1111111111111111
1223,1,0.3559322033898305,0.8888888888888888
1224,3,0.7627118644067796,0
1225,1,0.423728813559322,1
1226,3,0.7966101694915254,0.5555555555555556
1227,3,0.3050847457627119,0.1111111111111111
1228,1,0.3050847457627119,0.7777777777777778
1229,3,0.5084745762711864,0.3333333333333333
1230,1,0.3559322033898305,0.4444444444444444
1231,3,0.6610169491525424,0
1232,3,0.8135593220338984,0.2222222222222222
1233,1,0.22033898305084745,0.1111111111111111
1234,1,0.4067796610169492,0.5555555555555556
1235,1,0.3728813559322034,0.4444444444444444
1236,1,0.23728813559322035,0.6666666666666666
1237,3,0.6271186440677966,0.1111111111111111
1238,1,0.2542372881355932,0.2222222222222222
1239,3,0.5932203389830508,0.1111111111111111
1240,3,0.576271186440678,0.1111111111111111
1241,1,0.23728813559322035,0.5555555555555556
1242,1,0.23728813559322035,0.5555555555555556
1243,3,0.4745762711864407,0.5555555555555556
1244,1,0.2711864406779661,0.1111111111111111
1245,1,0.3050847457627119,0.6666666666666666
1246,1,0.288135593220339,0.2222222222222222
1247,3,0.559322033898305,0.2222222222222222
1248,1,0.3220338983050847,0.4444444444444444
1249,3,0.4406779661016949,0.6666666666666666
1250,1,0.3389830508474576,1
1251,1,0.2711864406779661,0.2222222222222222
1252,1,0.4406779661016949,0.6666666666666666
1253,3,0.7627118644067796,0.2222222222222222
1254,3,0.4915254237288136,0.3333333333333333
1255,1,0.3389830508474576,0.7777777777777778
1256,3,0.7457627118644068,0.4444444444444444
1257,1,0.23728813559322035,0.2222222222222222
1258,1,0.23728813559322035,0.4444444444444444
1259,3,0.6610169491525424,0.5555555555555556
1260,1,0.3050847457627119,0.4444444444444444
1261,1,0.3389830508474576,1
1262,1,0.4745762711864407,0.5555555555555556
1263,3,0.5932203389830508,0.3333333333333333
1264,3,0.7457627118644068,0.4444444444444444
1265,3,0.8983050847457628,0.6666666666666666
1266,3,0.2711864406779661,0.4444444444444444
1267,1,0.3559322033898305,0.7777777777777778
1268,1,0.4745762711864407,0.1111111111111111
1269,3,0.7627118644067796,0.2222222222222222
1270,3,0.711864406779661,0.3333333333333333
1271,3,0.7457627118644068,0.4444444444444444
1272,3,0.6610169491525424,0
1273,3,0.576271186440678,0.3333333333333333
1274,1,0.288135593220339,0.5555555555555556
1275,3,0.7288135593220338,0.3333333333333333
1276,3,0.3050847457627119,0.2222222222222222
1277,3,0.6440677966101694,0.2222222222222222
1278,3,0.7457627118644068,0
1279,1,0.423728813559322,0.4444444444444444
1280,3,0.7288135593220338,0.1111111111111111
1281,3,0.6610169491525424,0.2222222222222222
1282,1,0.3050847457627119,0.6666666666666666
1283,1,0.3050847457627119,0.2222222222222222
1284,1,0.3389830508474576,0.3333333333333333
1285,1,0.3559322033898305,0.3333333333333333
1286,1,0.3559322033898305,0.3333333333333333
1287,3,0.6271186440677966,0.1111111111111111
1288,3,0.6610169491525424,0.5555555555555556
1289,3,0.711864406779661,0
1290,1,0.3559322033898305,0.4444444444444444
1291,3,0.576271186440678,0.4444444444444444
1292,1,0.3559322033898305,1
1293,1,0.3559322033898305,0.4444444444444444
1294,1,0.3389830508474576,0.4444444444444444
1295,3,0.576271186440678,0.1111111111111111
1296,1,0.3898305084745763,0.3333333333333333
1297,1,0.2542372881355932,1
1298,1,0.3389830508474576,1
1299,3,0.5423728813559322,0.3333333333333333
1300,3,0.4067796610169492,0.1111111111111111
1301,1,0.423728813559322,0.8888888888888888
1302,3,0.6101694915254238,0.2222222222222222
1303,3,0.7457627118644068,0.3333333333333333
1304,1,0.2711864406779661,1
1305,3,0.6779661016949152,0.1111111111111111
1306,1,0.3728813559322034,0.4444444444444444
1307,3,0.7966101694915254,0.2222222222222222
1308,3,0.423728813559322,0.4444444444444444
1309,1,0.3898305084745763,1
1310,1,0.3389830508474576,0.2222222222222222
1311,3,0.4576271186440678,0.4444444444444444
1312,1,0.3050847457627119,0.4444444444444444
1313,1,0.3220338983050847,0.3333333333333333
1314,1,0.4067796610169492,0.4444444444444444
1315,3,0.6440677966101694,0.2222222222222222
1316,1,0.3389830508474576,0.4444444444444444
1317,1,0.3220338983050847,0.7777777777777778
1318,1,0.2542372881355932,1
1319,1,0.3220338983050847,0.2222222222222222
1320,3,0.7457627118644068,0.4444444444444444
1321,3,0.711864406779661,0.3333333333333333
1322,1,0.2711864406779661,0.5555555555555556
1323,3,0.6610169491525424,0.5555555555555556
1324,3,0.423728813559322,0.4444444444444444
1325,3,0.5423728813559322,0.5555555555555556
1326,1,0.2711864406779661,1
1327,1,0.3898305084745763,0.4444444444444444
1328,1,0.4406779661016949,0.7777777777777778
1329,1,0.3728813559322034,1
1330,1,0.423728813559322,0.4444444444444444
1331,1,0.288135593220339,0.4444444444444444
1332,3,0.6610169491525424,0.2222222222222222
1333,1,0.3220338983050847,0.4444444444444444
1334,3,0.6271186440677966,0.3333333333333333
1335,1,0.288135593220339,0.5555555555555556
1336,3,0.7627118644067796,0.2222222222222222
1337,3,0.7288135593220338,0.2222222222222222
1338,1,0.3050847457627119,0.4444444444444444
1339,1,0.288135593220339,1
1340,3,0.7288135593220338,0.2222222222222222
1341,1,0.3220338983050847,1
1342,1,0.288135593220339,0.3333333333333333
1343,1,0.4067796610169492,0.5555555555555556
1344,3,0.8305084745762712,0.4444444444444444
1345,1,0.4406779661016949,0.4444444444444444
1346,3,0.559322033898305,0.6666666666666666
1347,1,0.288135593220339,0.2222222222222222
1348,3,0.576271186440678,0.4444444444444444
1349,1,0.1694915254237288,0
1350,1,0.5932203389830508,0.7777777777777778
1351,3,0.576271186440678,0.4444444444444444
1352,1,0.3389830508474576,0.3333333333333333
1353,1,0.3389830508474576,0.6666666666666666
1354,3,0.4745762711864407,0.5555555555555556
1355,1,0.3559322033898305,0.4444444444444444
1356,3,0.6440677966101694,0.3333333333333333
1357,3,0.6779661016949152,0.5555555555555556
1358,1,0.3220338983050847,0.3333333333333333
1359,1,0.3220338983050847,0.4444444444444444
1360,1,0.3559322033898305,0.5555555555555556
1361,3,0.6779661016949152,0.3333333333333333
1362,1,0.3559322033898305,1
1363,1,0.4745762711864407,0.4444444444444444
1364,3,0.711864406779661,0.1111111111111111
1365,1,0.4067796610169492,0.5555555555555556
1366,3,0.7627118644067796,0.2222222222222222
1367,1,0.4406779661016949,0.5555555555555556
1368,1,0.4406779661016949,0.6666666666666666
1369,1,0.23728813559322035,0.4444444444444444
1370,3,0.3220338983050847,0.2222222222222222
1371,3,0.5084745762711864,0.7777777777777778
1372,1,0.423728813559322,1
1373,1,0.3389830508474576,1
1374,1,0.3389830508474576,0.2222222222222222
1375,1,0.3898305084745763,0.8888888888888888
1376,3,0.4915254237288136,0.4444444444444444
1377,1,0.2542372881355932,0.6666666666666666
1378,1,0.3389830508474576,0.3333333333333333
1379,3,0.7966101694915254,0.3333333333333333
1380,1,0.4067796610169492,0.4444444444444444
1381,3,0.5423728813559322,0
1382,3,0.6271186440677966,0.3333333333333333
1383,1,0.2711864406779661,1
1384,3,0.7627118644067796,0.3333333333333333
1385,1,0.3559322033898305,0.3333333333333333
1386,3,0.7796610169491526,0.4444444444444444
1387,3,0.5423728813559322,0.6666666666666666
1388,3,0.7627118644067796,0.1111111111111111
1389,3,0.5254237288135594,0.2222222222222222
1390,1,0.3559322033898305,0.3333333333333333
1391,3,0.711864406779661,0.2222222222222222
1392,3,0.4576271186440678,0.4444444444444444
1393,1,0.3050847457627119,1
1394,3,0.5932203389830508,0
1395,3,0.5423728813559322,0.5555555555555556
1396,3,0.6949152542372882,0.4444444444444444
1397,3,0.4745762711864407,0.5555555555555556
1398,3,0.5423728813559322,0.5555555555555556
1399,1,0.3220338983050847,0.5555555555555556
1400,3,0.5423728813559322,0.3333333333333333
1401,3,0.4745762711864407,0.4444444444444444
1402,3,0.5423728813559322,0.2222222222222222
1403,1,0.3898305084745763,0.5555555555555556
1404,1,0.3389830508474576,0.4444444444444444
1405,1,0.4067796610169492,1
1406,3,0.6101694915254238,0.3333333333333333
1407,1,0.3389830508474576,0.7777777777777778
1408,1,0.2711864406779661,0.3333333333333333
1409,1,0.3050847457627119,0.4444444444444444
1410,3,0.6610169491525424,0.3333333333333333
1411,1,0.2711864406779661,0.4444444444444444
1412,3,0.5084745762711864,0.5555555555555556
1413,3,0.5254237288135594,0.4444444444444444
1414,3,0.7627118644067796,0.4444444444444444
1415,1,0.288135593220339,0.4444444444444444
1416,3,0.559322033898305,0.1111111111111111
1417,3,0.4745762711864407,0.5555555555555556
1418,3,0.5254237288135594,0.4444444444444444
1419,3,0.5423728813559322,0.3333333333333333
1420,1,0.2711864406779661,0.2222222222222222
1421,1,0.23728813559322035,0.5555555555555556
1422,3,0.6949152542372882,0.3333333333333333
1423,3,0.6949152542372882,0.1111111111111111
1424,1,0.3050847457627119,0.2222222222222222
1425,1,0.3559322033898305,0.4444444444444444
1426,1,0.3728813559322034,0.5555555555555556
1427,3,0.576271186440678,0.6666666666666666
1428,1,0.2711864406779661,0.1111111111111111
1429,3,0.6101694915254238,0.2222222222222222
1430,1,0.288135593220339,0.4444444444444444
1431,1,0.2711864406779661,0.3333333333333333
1432,1,0.3389830508474576,0.4444444444444444
1433,3,0.423728813559322,0.5555555555555556
1434,3,0.559322033898305,0.4444444444444444
1435,1,0.423728813559322,1
1436,1,0.4745762711864407,1
1437,3,0.4067796610169492,0.7777777777777778
1438,1,0.22033898305084745,0.4444444444444444
1439,1,0.4576271186440678,1
1440,1,0.4406779661016949,0.4444444444444444
1441,3,0.6271186440677966,0.1111111111111111
1442,3,0.7457627118644068,0.4444444444444444
1443,1,0.423728813559322,1
1444,1,0.4915254237288136,0.6666666666666666
1445,1,0.23728813559322035,0.6666666666666666
1446,3,0.7457627118644068,0.6666666666666666
1447,1,0.4067796610169492,0.7777777777777778
1448,3,0.6440677966101694,0.2222222222222222
1449,3,0.7627118644067796,0.8888888888888888
1450,3,0.6440677966101694,0.6666666666666666
1451,3,0.7966101694915254,0.1111111111111111
1452,1,0.2542372881355932,0.3333333333333333
1453,1,0.22033898305084745,1
1454,3,0.6440677966101694,0.4444444444444444
1455,3,0.4745762711864407,0.1111111111111111
1456,1,0.3389830508474576,0.4444444444444444
1457,1,0.3050847457627119,0.4444444444444444
1458,1,0.3728813559322034,0.4444444444444444
1459,1,0.3898305084745763,0.3333333333333333
1460,1,0.3050847457627119,0.3333333333333333
1461,1,0.3898305084745763,0.7777777777777778
1462,3,0.6271186440677966,0.3333333333333333
1463,1,0.3220338983050847,0.6666666666666666
1464,3,0.6610169491525424,0.4444444444444444
1465,3,0.6271186440677966,0.4444444444444444
1466,3,0.7796610169491526,0.3333333333333333
1467,3,0.6101694915254238,0.3333333333333333
1468,1,0.3389830508474576,0.4444444444444444
1469,3,0.576271186440678,0.6666666666666666
1470,1,0.2711864406779661,0.6666666666666666
1471,3,0.6779661016949152,0.4444444444444444
1472,1,0.423728813559322,0.4444444444444444
1473,3,0.576271186440678,0.4444444444444444
1474,3,0.3898305084745763,0.2222222222222222
1475,3,0.3559322033898305,0.5555555555555556
1476,1,0.3389830508474576,0.5555555555555556
1477,1,0.2711864406779661,1
1478,1,0.3050847457627119,0.6666666666666666
1479,1,0.3559322033898305,0.5555555555555556
1480,3,0.6101694915254238,0.3333333333333333
1481,3,0.7288135593220338,0.5555555555555556
1482,1,0.3559322033898305,0.4444444444444444
1483,3,0.7796610169491526,0.5555555555555556
1484,1,0.4915254237288136,0.5555555555555556
1485,3,0.6610169491525424,1
1486,1,0.1864406779661017,0.5555555555555556
1487,1,0.3898305084745763,0.4444444444444444
1488,1,0.4745762711864407,1
1489,1,0.4745762711864407,1
1490,3,0.864406779661017,0.2222222222222222
1491,1,0.4067796610169492,1
1492,3,0.8305084745762712,0
1493,3,0.576271186440678,0
1494,3,0.5932203389830508,0.1111111111111111
1495,3,0.5254237288135594,0.1111111111111111
1496,1,0.288135593220339,0.5555555555555556
1497,1,0.3898305084745763,1
1498,3,0.4406779661016949,0.4444444444444444
1499,3,0.4745762711864407,0.8888888888888888
1500,1,0.3898305084745763,1
